{
    "experiment": "full_loop",
    "n_repeats": 3,
    "accuracies": [
        0.7833,
        0.79,
        0.7767
    ],
    "mean_accuracy": 0.7833333333333333,
    "std_accuracy": 0.005429753421862049
}